arquivo	x	y	sha256
map088_0_0.raw	0	0	cba4ed3b5999595638b3fb321b496247d746cf6a83bbbd9cabe4aa70f7228da4
map088_0_1.raw	512	0	226efa77bd2ec179f13d369486551f12fcfb7244288f4ea28c5b27970e4ff679
map088_0_2.raw	1024	0	72cc30de52f721d529f14eaf38391fb6c4967cc45c208fb088c26bf9b1d9db5a
map088_1_0.raw	0	512	689818ab867226133dddaff05670cd783c763fa33ef7e2d4e47b99cc1ea9e87f
map088_1_1.raw	512	512	0de4640118d3fd14960715ba8c3740c1237d47dedb6e56917ceefe3add48a9ca
map088_1_2.raw	1024	512	fc9ff435fa3e35f6a5f180b6dff78924f09d090f0ef374822a20cf381768f660
map088_2_0.raw	0	1024	b33cde79e40a2b5e2afcc7dec6e8a65cd4006a012a2f64450b790c2a55b4d642
map088_2_1.raw	512	1024	b1570cefdf843e1bde29371c6be00c14c49fe3027150081438e1230ec0ba7e21
map088_2_2.raw	1024	1024	5cfc22d7fcee8c1660baccaa742ea94304080c58fb70438ecdf216746dd3e8bc
